<?xml version="1.0" encoding="UTF-8" standalone="yes"?>
<listaEnlazada>
    <cabecera>
        <persona>
            <apellidos>Administrador</apellidos>
            <correo>admin@unl.edu.ec.com</correo>
            <direccion>Jipiro</direccion>
            <id>1</id>
            <id_rol>4</id_rol>
            <indetifiacion>1129580997</indetifiacion>
            <nombres>Administrador</nombres>
            <tipoIdentificacion>RUC</tipoIdentificacion>
        </persona>
    </cabecera>
    <size>1</size>
</listaEnlazada>
