<?xml version="1.0" encoding="UTF-8"?>
<project-private xmlns="http://www.netbeans.org/ns/project-private/1">
    <editor-bookmarks xmlns="http://www.netbeans.org/ns/editor-bookmarks/2" lastBookmarkId="0"/>
    <open-files xmlns="http://www.netbeans.org/ns/projectui-open-files/2">
        <group>
            <file>file:/C:/Users/Marylin/Downloads/Proyecto%20Final/Sistema/src/vistas/FrmPersona.java</file>
            <file>file:/C:/Users/Marylin/Downloads/Proyecto%20Final/Sistema/src/controlador/dao/AdaptadorDao.java</file>
            <file>file:/C:/Users/Marylin/Downloads/Proyecto%20Final/Sistema/src/vistas/FrmAsignatura.java</file>
            <file>file:/C:/Users/Marylin/Downloads/Proyecto%20Final/Sistema/src/vistas/FrmCarrera.java</file>
            <file>file:/C:/Users/Marylin/Downloads/Proyecto%20Final/Sistema/src/vistas/Tabla/ModeloTablaAsistencia.java</file>
            <file>file:/C:/Users/Marylin/Downloads/Proyecto%20Final/Sistema/src/modelo/enums/TipoRol.java</file>
            <file>file:/C:/Users/Marylin/Downloads/Proyecto%20Final/Sistema/src/vistas/FrmInicio.java</file>
            <file>file:/C:/Users/Marylin/Downloads/Proyecto%20Final/Sistema/src/controlador/listas/ListaEnlazada.java</file>
            <file>file:/C:/Users/Marylin/Downloads/Proyecto%20Final/Sistema/src/vistas/FrmAdministrador.java</file>
            <file>file:/C:/Users/Marylin/Downloads/Proyecto%20Final/Sistema/src/controlador/colas/excepciones/ColaVaciaExcepcion.java</file>
            <file>file:/C:/Users/Marylin/Downloads/Proyecto%20Final/Sistema/src/controlador/pilas/Excepciones/TopeException.java</file>
            <file>file:/C:/Users/Marylin/Downloads/Proyecto%20Final/Sistema/src/controlador/dao/PersonaDao.java</file>
            <file>file:/C:/Users/Marylin/Downloads/Proyecto%20Final/Sistema/src/controlador/dao/CuentaDao.java</file>
            <file>file:/C:/Users/Marylin/Downloads/Proyecto%20Final/Sistema/src/vistas/FrmCiclo.java</file>
            <file>file:/C:/Users/Marylin/Downloads/Proyecto%20Final/Sistema/src/vistas/Utilidades/Utilidades.java</file>
            <file>file:/C:/Users/Marylin/Downloads/Proyecto%20Final/Sistema/src/vistas/Tabla/ModeloTablaUsuario.java</file>
            <file>file:/C:/Users/Marylin/Downloads/Proyecto%20Final/Sistema/src/controlador/pilas/Excepciones/PilaVaciaException.java</file>
            <file>file:/C:/Users/Marylin/Downloads/Proyecto%20Final/Sistema/src/modelo/Cuenta.java</file>
            <file>file:/C:/Users/Marylin/Downloads/Proyecto%20Final/Sistema/src/proyecto/pkgfinal/ProyectoFinal.java</file>
            <file>file:/C:/Users/Marylin/Downloads/Proyecto%20Final/Sistema/src/vistas/FrmAsistencia.java</file>
            <file>file:/C:/Users/Marylin/Downloads/Proyecto%20Final/Sistema/src/vistas/Tabla/ModeloTablaPersona.java</file>
            <file>file:/C:/Users/Marylin/Downloads/Proyecto%20Final/Sistema/src/vistas/Tabla/ModeloTablaAsignatura.java</file>
            <file>file:/C:/Users/Marylin/Downloads/Proyecto%20Final/Sistema/src/modelo/Asignatura.java</file>
            <file>file:/C:/Users/Marylin/Downloads/Proyecto%20Final/Sistema/src/controlador/colas/Cola.java</file>
            <file>file:/C:/Users/Marylin/Downloads/Proyecto%20Final/Sistema/src/controlador/dao/AsignaturaDao.java</file>
            <file>file:/C:/Users/Marylin/Downloads/Proyecto%20Final/Sistema/src/vistas/FrmAlumno.java</file>
            <file>file:/C:/Users/Marylin/Downloads/Proyecto%20Final/Sistema/src/controlador/pilas/Pila.java</file>
            <file>file:/C:/Users/Marylin/Downloads/Proyecto%20Final/Sistema/src/controlador/dao/InterfazDao.java</file>
            <file>file:/C:/Users/Marylin/Downloads/Proyecto%20Final/Sistema/src/modelo/Malla.java</file>
            <file>file:/C:/Users/Marylin/Downloads/Proyecto%20Final/Sistema/src/modelo/Docente.java</file>
            <file>file:/C:/Users/Marylin/Downloads/Proyecto%20Final/Sistema/src/modelo/enums/TipoIdentificacion.java</file>
            <file>file:/C:/Users/Marylin/Downloads/Proyecto%20Final/Sistema/src/controlador/dao/RolDao.java</file>
            <file>file:/C:/Users/Marylin/Downloads/Proyecto%20Final/Sistema/src/vistas/FrmPrincipal.java</file>
            <file>file:/C:/Users/Marylin/Downloads/Proyecto%20Final/Sistema/src/controlador/listas/NodoLista.java</file>
            <file>file:/C:/Users/Marylin/Downloads/Proyecto%20Final/Sistema/src/modelo/Unidad.java</file>
            <file>file:/C:/Users/Marylin/Downloads/Proyecto%20Final/Sistema/src/modelo/Carrera.java</file>
            <file>file:/C:/Users/Marylin/Downloads/Proyecto%20Final/Sistema/src/modelo/Periodo.java</file>
            <file>file:/C:/Users/Marylin/Downloads/Proyecto%20Final/Sistema/src/controlador/colas/excepciones/CimaException.java</file>
            <file>file:/C:/Users/Marylin/Downloads/Proyecto%20Final/Sistema/src/modelo/Rol.java</file>
            <file>file:/C:/Users/Marylin/Downloads/Proyecto%20Final/Sistema/src/controlador/utiles/Utilidades.java</file>
            <file>file:/C:/Users/Marylin/Downloads/Proyecto%20Final/Sistema/src/vistas/Tabla/ModeloTablaDocente.java</file>
            <file>file:/C:/Users/Marylin/Downloads/Proyecto%20Final/Sistema/src/controlador/dao/AlumnoDao.java</file>
            <file>file:/C:/Users/Marylin/Downloads/Proyecto%20Final/Sistema/src/controlador/dao/AsistenciaDao.java</file>
            <file>file:/C:/Users/Marylin/Downloads/Proyecto%20Final/Sistema/src/controlador/dao/DocenteDao.java</file>
            <file>file:/C:/Users/Marylin/Downloads/Proyecto%20Final/Sistema/src/modelo/Alumno.java</file>
            <file>file:/C:/Users/Marylin/Downloads/Proyecto%20Final/Sistema/src/vistas/Tabla/ModeloTablaAdministrador.java</file>
            <file>file:/C:/Users/Marylin/Downloads/Proyecto%20Final/Sistema/src/modelo/Matricula.java</file>
            <file>file:/C:/Users/Marylin/Downloads/Proyecto%20Final/Sistema/src/vistas/FrmCuenta.java</file>
            <file>file:/C:/Users/Marylin/Downloads/Proyecto%20Final/Sistema/src/controlador/listas/excepciones/ListaNullException.java</file>
            <file>file:/C:/Users/Marylin/Downloads/Proyecto%20Final/Sistema/src/modelo/Persona.java</file>
            <file>file:/C:/Users/Marylin/Downloads/Proyecto%20Final/Sistema/src/controlador/listas/excepciones/PosicionNoEncontradaException.java</file>
            <file>file:/C:/Users/Marylin/Downloads/Proyecto%20Final/Sistema/src/vistas/FrmDocente.java</file>
            <file>file:/C:/Users/Marylin/Downloads/Proyecto%20Final/Sistema/src/vistas/Tabla/ModeloTablaAlumno.java</file>
            <file>file:/C:/Users/Marylin/Downloads/Proyecto%20Final/Sistema/src/vistas/FrmSimulacion.java</file>
            <file>file:/C:/Users/Marylin/Downloads/Proyecto%20Final/Sistema/src/modelo/Ciclo.java</file>
            <file>file:/C:/Users/Marylin/Downloads/Proyecto%20Final/Sistema/src/modelo/Cursa.java</file>
        </group>
    </open-files>
</project-private>
